<?xml version="1.0" encoding="UTF-8" standalone="yes"?>
<addon id="plugin.video.stream-cinema-2-reborn" name="Stream Cinema Community Reborn" version="2.4.5" provider-name="sccr team">
    <requires>
    </requires>
    <extension point="xbmc.python.pluginsource" library="main.py">
        <provides>video</provides>
    </extension>
    <extension point="xbmc.addon.metadata">
        <reuselanguageinvoker>true</reuselanguageinvoker>
        <summary lang="en_GB">Stream Cinema Community Reborn - web storage content player</summary>
        <summary lang="sk_SK">Stream Cinema Community Reborn - prehrávač obsahu webového úložiska</summary>
        <summary lang="cs_CZ">Stream Cinema Community Reborn - přehrávač obsahu webového úložiště</summary>
        <description lang="en_GB">Kindly note that SCCR is not an official part of the media player you are running, and therefore not to be mentioned within official support channels, this addon has nothing to do with the media player itself, nor it's intended use, it is simply a third party plugin which has been added to your system.</description>
        <description lang="sk_SK">Pripomíname, že SCCR nie je oficiálnou súčasťou prehrávača médií, ktorý používate, a preto ho nemožno uviesť v oficiálnych podporných kanáloch. Tento doplnok nemá nič spoločné so samotným prehrávačom médií, ani s jeho zamýšľaným použitím, je to proste plugin tretích strán, ktorý bol pridaný do vášho systému.</description>
        <description lang="cs_CZ">Vezměte prosím na vědomí, že SCCR není oficiální součástí spuštěného přehrávače médií, a proto jej nelze uvést v oficiálních podpůrných kanálech. Tento doplněk nemá nic společného se samotným přehrávačem médií, ani s jeho zamýšleným použitím, je to prostě plugin třetích stran, který byl přidán do vašeho systému.</description>
        <language>en cs sk</language>
        <platform>all</platform>
        <license>GPL 2.0</license>
        <assets>
            <icon>resources/icon-new.jpg</icon>
            <fanart>resources/fanart.jpg</fanart>
        </assets>
        <disclaimer lang="en_GB">The author does not host or distribute any of the content displayed by this addon. The author does not have any affiliation with the content provider.</disclaimer>
        <disclaimer lang="sk_SK">Autor nehostuje ani nedistribuuje žiadny obsah zobrazený týmto doplnkom. Autor nemá žiadny vzťah s poskytovateľmi obsahu.</disclaimer>
        <disclaimer lang="cs_CZ">Autor není hostitelem ani nedistribuuje žádný obsah zobrazený tímto doplňkem. Autor nemá žádný vztah s poskytovateli obsahu.</disclaimer>
    </extension>
</addon>
