<?xml version='1.0' encoding='utf-8'?>
<addon id="plugin.video.primaplus" name="Prima+" version="1.7">
	<requires>
		<import addon="enigma2.archivczsk" version="3.3.0"/>
		<import addon="tools.archivczsk" version="2.15" />
	</requires>
	<extension point="archivczsk.addon.video" import-name="addon" entry-point="main"/>
	<extension point="archivczsk.addon.metadata">
		<description lang="en">Plugin allowing access to service Prima+</description>
		<description lang="cs">Plugin umožňující přistup k službě Prima+</description>
		<description lang="sk">Plugin umožňujúci prístup k službe Prima+</description>
	</extension>
</addon>
