﻿<?xml version="1.0" encoding="UTF-8" standalone="yes"?>
<addon id="plugin.video.autosalontv" name="Autosalon" provider-name="archivczsk" version="1.9">
	<requires>
		<import addon="enigma2.archivczsk" version="3.3.2"/>
		<import addon="tools.xbmc" version="1.3" />
	</requires>
	<extension point="archivczsk.addon.video"/>
	<extension point="archivczsk.addon.metadata">
		<description>Plugin to play video archive from autosalon.cz and auto-salon.sk</description>
		<description lang="cs">Archiv pořadů ze serveru AutosalonTV.cz a Auto-salon.sk</description>
	</extension>
</addon>
