<?xml version="1.0" encoding="UTF-8" standalone="yes"?>
<addon id="plugin.video.tvseznam" name="Televize Seznam" provider-name="Michal Novotný" version="1.10">
	<requires>
		<import addon="enigma2.archivczsk" version="2.8.0"/>
		<import addon="tools.xbmc" version="1.2" />
	</requires>
	<extension point="archivczsk.addon.video"/>
	<extension point="archivczsk.addon.metadata">
		<description>Plugin to play videos from televizeseznam.cz</description>
		<description lang="cs">Plugin pro přehrávání videí z televizeseznam.cz</description>
	</extension>
</addon>
