﻿<?xml version="1.0" encoding="UTF-8" standalone="yes"?>
<addon id="plugin.video.pohadkar.cz" name="Pohádkář.cz" provider-name="Libor Zoubek" version="1.5.0">
	<requires>
		<import addon="enigma2.archivczsk" version="2.8.0"/>
		<import addon="tools.xbmc" version="1.3" />
	</requires>
	<extension point="archivczsk.addon.video"/>
	<extension point="archivczsk.addon.metadata">
		<description lang="en">Watch online tales mostly in czech language on pohadkar.cz</description>
		<description lang="cs">Sledujte online pohádky ze servru pohádkář.cz. Ideální pro zabavení dětí.</description>
	</extension>
</addon>
